DROP TABLE CUSTOMER CASCADE CONSTRAINTS; 
DROP TABLE HIREARRANGEMENT CASCADE CONSTRAINTS;
DROP TABLE TRANSACTIONX CASCADE CONSTRAINTS;
DROP TABLE COUNTRYFREQUSED CASCADE CONSTRAINTS;
DROP TABLE COUNTRYINFO CASCADE CONSTRAINTS;
DROP TABLE HIRECENTRE CASCADE CONSTRAINTS;
DROP TABLE VEHICLECLASSIFICATION CASCADE CONSTRAINTS;
DROP TABLE MODELX CASCADE CONSTRAINTS;
DROP TABLE VEHICLE CASCADE CONSTRAINTS;
DROP TABLE REGIONALOFFICE CASCADE CONSTRAINTS;
DROP TABLE INDIVIDUALHIREARRANGEMENT CASCADE CONSTRAINTS;
DROP TABLE COMPANYHIREARRANGEMENT CASCADE CONSTRAINTS;
DROP TABLE COMPANYHIREROLE CASCADE CONSTRAINTS;
DROP TABLE CREDITCARD CASCADE CONSTRAINTS;
DROP TABLE CREDITCARD_TRANSACTION CASCADE CONSTRAINTS;
DROP TABLE INSURANCE CASCADE CONSTRAINTS;
DROP TABLE DISCOUNT CASCADE CONSTRAINTS;
DROP TABLE DRIVER_FREQUSED CASCADE CONSTRAINTS;
DROP TABLE DRIVER_INFO CASCADE CONSTRAINTS;
DROP TABLE CHECKININSPECTOR_FREQUSED CASCADE CONSTRAINTS;
DROP TABLE CHECKININSPECTOR_INFO CASCADE CONSTRAINTS;
DROP TABLE FLEET CASCADE CONSTRAINTS;
DROP TABLE VEHICLE_COMPANYHIREARRANGEMENT CASCADE CONSTRAINTS;
DROP TABLE FLEET_COMPANYHIREARRANGEMENT CASCADE CONSTRAINTS;
DROP TABLE VEHICLEFLEET_OCCUPANCY CASCADE CONSTRAINTS;
DROP TABLE DRIVER_FLEET CASCADE CONSTRAINTS;
DROP TABLE VEHICLE_DRIVER CASCADE CONSTRAINTS;
DROP TABLE VEHICLE_CHECKININSPECTOR CASCADE CONSTRAINTS;
DROP TABLE COUNTRY_VEHICLECLASSIFICATION CASCADE CONSTRAINTS;

--commands to create tables
CREATE TABLE CUSTOMER ( 
 CUSTOMERID NUMBER (4), 
 CNAME VARCHAR2 (40) NOT NULL, 
 C_TYPE VARCHAR2(20),
 C_JOINDATE DATE NOT NULL,
 C_ADD1 VARCHAR2 (50),
 C_ADD2 VARCHAR2 (50),
 C_ADD3 VARCHAR2 (50),
 C_TOWN VARCHAR2 (15),
 C_COUNTRY VARCHAR2 (15),
 C_POSTCODE VARCHAR (10),
 C_EMAIL VARCHAR2 (30) UNIQUE,
 C_CONTACTNO NUMBER(15),
 IC_DOB DATE,
 IC_TITLE VARCHAR2(5),
 IC_FORENAMES VARCHAR2(20),
 IC_SURNAMES VARCHAR2(20),
 IC_NINUMBER VARCHAR2(12),
 IC_CONTACTNAME VARCHAR2(20),
 IC_FAX VARCHAR2(15),
 CONSTRAINT PK_CUSTOMER PRIMARY KEY (CUSTOMERID));
 
 CREATE TABLE TRANSACTIONX ( 
 TRANSACTIONID NUMBER (4) ,
 T_TS TIMESTAMP NOT NULL,
 T_AMOUNT FLOAT(126),
 T_STATUS VARCHAR2(16),
 CUSTOMERID NUMBER (4) REFERENCES CUSTOMER (CUSTOMERID) on delete CASCADE, 
 CONSTRAINT PK_TRANSACTIONX PRIMARY KEY (TRANSACTIONID));
 
CREATE TABLE COUNTRYFREQUSED ( 
 COUNTRYCODE NUMBER (4) ,
 COUNTRY_NAME VARCHAR2(30) NOT NULL,
 CONSTRAINT PK_COUNTRYFREQUSED PRIMARY KEY (COUNTRYCODE));
CREATE TABLE COUNTRYINFO ( 
 COUNTRYCODE NUMBER (4) ,
 COUNTRY_CONTINENTNAME VARCHAR2(30),
 CONSTRAINT PK_COUNTRYINFO PRIMARY KEY (COUNTRYCODE));
 
CREATE TABLE HIRECENTRE ( 
 CENTREID NUMBER (4),
 CENTRE_NAME VARCHAR2(50),
 CENTRE_ADDRESS VARCHAR2 (50),
 CENTRE_POSTCODE VARCHAR2(30) NOT NULL,
 COUNTRYCODE NUMBER (4) REFERENCES COUNTRYFREQUSED (COUNTRYCODE) on delete CASCADE, 
 CONSTRAINT PK_HIRECENTRE PRIMARY KEY (CENTREID));
 
CREATE TABLE HIREARRANGEMENT ( 
 HIREARRANGEMENTID NUMBER (4) ,
 AGREED_STARTTS TIMESTAMP,
 AGREED_RETURNTS TIMESTAMP,
 ACTUAL_STARTTS TIMESTAMP,
ACTUAL_RETURNTS TIMESTAMP,
 HA_STATUS VARCHAR2(20) NOT NULL,
 STARTING_MILAGE FLOAT(126),
 END_MILAGE FLOAT(126) ,
 TOTAL_VEHICLE_DAYS NUMBER(4),
 DELAYED_DAYS NUMBER(4),
 START_CENTREID NUMBER(4) REFERENCES HIRECENTRE (CENTREID) on delete CASCADE,
 END_CENTREID NUMBER(4) REFERENCES HIRECENTRE (CENTREID) on delete CASCADE,
 TRANSACTIONID NUMBER (4) REFERENCES TRANSACTIONX (TRANSACTIONID),
 CONSTRAINT PK_HIREARRANGEMENT PRIMARY KEY (HIREARRANGEMENTID));
 
 CREATE TABLE VEHICLECLASSIFICATION ( 
 VEHICLECLASSIFICATIONID NUMBER (4),
 VC_NAME VARCHAR2(30),
 NUMBEROF_PASSENGERS NUMBER(2),
 CONSTRAINT PK_VEHICLECLASSIFICATION PRIMARY KEY (VEHICLECLASSIFICATIONID));
 
 CREATE TABLE MODELX( 
 MODELID NUMBER (4) ,
 MODEL_NAME VARCHAR2(30),
 VEHICLECLASSIFICATIONID NUMBER(4) REFERENCES VEHICLECLASSIFICATION(VEHICLECLASSIFICATIONID),
 CONSTRAINT PK_MODEL PRIMARY KEY (MODELID));
 
CREATE TABLE VEHICLE( 
 VEHICLEID NUMBER (4) ,
 V_COLOR VARCHAR2(15),
 V_REGISTRATIONNO VARCHAR2(15) NOT NULL,
 V_MAKE VARCHAR2(15),
 VEHICLECLASSIFICATIONID NUMBER(4) REFERENCES VEHICLECLASSIFICATION(VEHICLECLASSIFICATIONID),
 MODELID NUMBER(4) REFERENCES MODELX(MODELID),
 CONSTRAINT PK_VEHICLE PRIMARY KEY (VEHICLEID));
 
CREATE TABLE REGIONALOFFICE( 
 REGIONALOFFICEID NUMBER (4) ,
 O_NAME VARCHAR2(40),
 O_ADDRESS VARCHAR2(40),
 O_PHONE VARCHAR2(15) NOT NULL,
 O_EMAIL VARCHAR(40) UNIQUE,
 CUSTOMERID NUMBER (4) REFERENCES CUSTOMER(CUSTOMERID) on delete CASCADE, 
 CONSTRAINT PK_REGIONALOFFICE PRIMARY KEY (REGIONALOFFICEID));
 
 CREATE TABLE INDIVIDUALHIREARRANGEMENT(
  HIREARRANGEMENTID NUMBER(4) REFERENCES HIREARRANGEMENT (HIREARRANGEMENTID) on delete 
CASCADE,
 CUSTOMERID NUMBER (4) REFERENCES CUSTOMER (CUSTOMERID) on delete CASCADE, 
 VEHICLEID NUMBER(4) REFERENCES VEHICLE (VEHICLEID) on delete CASCADE,
 CONSTRAINT PK_INDIVIDUALHIREARRANGEMENT PRIMARY KEY (HIREARRANGEMENTID));
 
 CREATE TABLE COMPANYHIREARRANGEMENT( 
 HIREARRANGEMENTID NUMBER(4) REFERENCES HIREARRANGEMENT (HIREARRANGEMENTID) on delete 
CASCADE,
 REGIONALOFFICEID NUMBER (4) REFERENCES REGIONALOFFICE (REGIONALOFFICEID) on delete CASCADE, 
 CONSTRAINT PK_COMPANYHIREARRANGEMENT PRIMARY KEY (HIREARRANGEMENTID));
 
 CREATE TABLE COMPANYHIREROLE( 
 COMPANYHIREROLEID NUMBER(4),
 ROLE_TYPE VARCHAR2(20),
 CUSTOMERID NUMBER (4) REFERENCES CUSTOMER (CUSTOMERID) on delete CASCADE,
 HIREARRANGEMENTID NUMBER(4) REFERENCES HIREARRANGEMENT (HIREARRANGEMENTID) on delete 
CASCADE,
 CONSTRAINT PK_COMPANYHIREROLE PRIMARY KEY (COMPANYHIREROLEID));
 
 CREATE TABLE CREDITCARD( 
 CREDITCARDID NUMBER(4),
 CREDITCARD_NUMBER VARCHAR2(20),
 CONSTRAINT PK_CREDITCARD PRIMARY KEY (CREDITCARDID));
 
 CREATE TABLE CREDITCARD_TRANSACTION( 
 TRANSACTIONID NUMBER (4) REFERENCES TRANSACTIONX (TRANSACTIONID),
 CREDITCARDID NUMBER (4) REFERENCES CREDITCARD (CREDITCARDID),
 CONSTRAINT PK_CREDITCARD_TRANSACTION PRIMARY KEY (TRANSACTIONID));
 
 CREATE TABLE INSURANCE( 
 INSURANCEID NUMBER (4),
 INSURANCE_PERIOD VARCHAR2(40),
 MAXIMUMCLAIMAMOUNT FLOAT(126),
 INSURANCE_DESCRIPTION VARCHAR2(400),
 HIREARRANGEMENTID NUMBER(4) REFERENCES HIREARRANGEMENT (HIREARRANGEMENTID) on delete 
CASCADE,
 CONSTRAINT PK_INSURANCE PRIMARY KEY (INSURANCEID));
 
 CREATE TABLE DISCOUNT( 
 DISCOUNTID NUMBER (4),
 DISCOUNT_TYPE VARCHAR(20),
 DISCOUNT_PERCENTAGE FLOAT(126),
 DISCOUNT_TS TIMESTAMP,
 CUSTOMERID NUMBER (4) REFERENCES CUSTOMER (CUSTOMERID) on delete CASCADE, 
 CONSTRAINT PK_DISCOUNT PRIMARY KEY (CUSTOMERID ,DISCOUNTID));
 
CREATE TABLE DRIVER_FREQUSED( 
 DRIVERID NUMBER (4),
 D_NAME VARCHAR(40),
 D_PHONE NUMBER(20) NOT NULL,
 D_AVAILABILITY VARCHAR(20),
 CONSTRAINT PK_DRIVER_FREQUSED PRIMARY KEY (DRIVERID));
 
CREATE TABLE DRIVER_INFO( 
 DRIVERID NUMBER (4),
 D_DOB DATE,
 D_ADDRESS VARCHAR(300), 
 D_GENDER VARCHAR(10),
 D_NINUMBER VARCHAR2(20),
 CONSTRAINT PK_DRIVER_INFO PRIMARY KEY (DRIVERID));
 
 CREATE TABLE CHECKININSPECTOR_FREQUSED( 
 CHECKININSPECTORID NUMBER (4),
 CHECKININSPECTOR_NAME VARCHAR(40),
 CHECKININSPECTOR_PHONE NUMBER(20) NOT NULL,
 CINS_CENTREID NUMBER(4) REFERENCES HIRECENTRE (CENTREID) on delete CASCADE,
 CONSTRAINT PK_CHECKININSPECTOR_FREQUSED PRIMARY KEY (CHECKININSPECTORID));
 
CREATE TABLE CHECKININSPECTOR_INFO( 
 CHECKININSPECTORID NUMBER (4),
 CHECKININSPECTOR_DOB DATE,
 CHECKININSPECTOR_ADDRESS VARCHAR(300), 
 CHECKININSPECTOR_NINUMBER VARCHAR(20),
 CONSTRAINT PK_CHECKININSPECTOR_INFO PRIMARY KEY (CHECKININSPECTORID));
 
 CREATE TABLE FLEET( 
 FLEETID NUMBER (4),
 NOOF_VEHICLES NUMBER(4),
 F_STATUS VARCHAR2(16),
 CONSTRAINT PK_FLEET PRIMARY KEY (FLEETID));
 
 CREATE TABLE VEHICLE_COMPANYHIREARRANGEMENT( 
 HIREARRANGEMENTID NUMBER(4) REFERENCES HIREARRANGEMENT (HIREARRANGEMENTID) on delete 
CASCADE,
 VEHICLEID NUMBER(4) REFERENCES VEHICLE (VEHICLEID) on delete CASCADE,
 CONSTRAINT PK_VEHICLE_COMPANYHIREARRANGEMENT PRIMARY KEY (HIREARRANGEMENTID));
 
 
 CREATE TABLE FLEET_COMPANYHIREARRANGEMENT( 
 HIREARRANGEMENTID NUMBER(4) REFERENCES HIREARRANGEMENT (HIREARRANGEMENTID) on delete 
CASCADE,
 FLEETID NUMBER(4) REFERENCES FLEET (FLEETID) on delete CASCADE,
 CONSTRAINT PK_FLEET_COMPANYHIREARRANGEMENT PRIMARY KEY (HIREARRANGEMENTID));
 
 CREATE TABLE VEHICLEFLEET_OCCUPANCY( 
 VEHICLEID NUMBER(4) REFERENCES VEHICLE (VEHICLEID) on delete CASCADE,
 FLEETID NUMBER(4) REFERENCES FLEET (FLEETID) on delete CASCADE,
 CONSTRAINT PK_VEHICLEFLEET_OCCUPANCY PRIMARY KEY (VEHICLEID));
 
CREATE TABLE DRIVER_FLEET( 
 DRIVERID NUMBER(4) REFERENCES DRIVER_FREQUSED (DRIVERID) on delete CASCADE,
 FLEETID NUMBER(4) REFERENCES FLEET (FLEETID) on delete CASCADE,
 CONSTRAINT PK_DRIVER_FLEET PRIMARY KEY (DRIVERID));
 
CREATE TABLE VEHICLE_DRIVER( 
 VEHICLEID NUMBER(4) REFERENCES VEHICLE (VEHICLEID) on delete CASCADE,
 DRIVERID NUMBER(4) REFERENCES DRIVER_FREQUSED (DRIVERID) on delete CASCADE,
 CONSTRAINT PK_VEHICLE_DRIVER PRIMARY KEY (VEHICLEID,DRIVERID));
 
CREATE TABLE VEHICLE_CHECKININSPECTOR( 
 CHECKININSPECTORID NUMBER(4) REFERENCES CHECKININSPECTOR_FREQUSED (CHECKININSPECTORID) on 
delete CASCADE,
 VEHICLEID NUMBER(4) REFERENCES VEHICLE (VEHICLEID) on delete CASCADE,
 CONSTRAINT PK_VEHICLE_CHECKININSPECTOR PRIMARY KEY (CHECKININSPECTORID,VEHICLEID));
 
 CREATE TABLE COUNTRY_VEHICLECLASSIFICATION( 
 COUNTRYCODE NUMBER(4) REFERENCES COUNTRYFREQUSED (COUNTRYCODE) on delete CASCADE,
 VEHICLECLASSIFICATIONID NUMBER(4) REFERENCES VEHICLECLASSIFICATION (VEHICLECLASSIFICATIONID) on 
delete CASCADE,
 HIRECHARGE_RATE FLOAT(126),
 CONSTRAINT PK_COUNTRY_VEHICLECLASSIFICATION PRIMARY KEY 
(COUNTRYCODE,VEHICLECLASSIFICATIONID));
 
-- insert data into tables
INSERT INTO CUSTOMER (CUSTOMERID, CNAME,C_TYPE, C_JOINDATE, C_ADD1, C_ADD2, C_ADD3, C_TOWN, 
C_COUNTRY, C_POSTCODE, C_EMAIL, C_CONTACTNO, IC_DOB , IC_TITLE, IC_FORENAMES, IC_SURNAMES, 
IC_NINUMBER, IC_CONTACTNAME, IC_FAX) VALUES (1111, 'Thanuja','Individual', '12/12/2015', '25 Apartment', 
'Rivermill Court', '1 Sandford place,Kirkstall', 'Leeds', 'United Kingdom', 
'LS5 3BY', 'thanuja@gmail.com', '0736116767', '09/12/1994', 'MR', 'Thanuja Indusara', 
'Gunasekara','NJ890899F', null, null);
INSERT INTO CUSTOMER (CUSTOMERID, CNAME, C_TYPE, C_JOINDATE, C_ADD1, C_ADD2, C_ADD3, C_TOWN, 
C_COUNTRY, C_POSTCODE, C_EMAIL, C_CONTACTNO, IC_DOB, IC_TITLE, IC_FORENAMES, IC_SURNAMES, 
IC_NINUMBER, IC_CONTACTNAME, IC_FAX) VALUES (1101, 'Akmali','Individual', '04/08/2016', 'Armely', 'Farnley, 
New Farnley', 'Wortley', 'Leeds', 'United Kingdom', 
'LS12', 'akmali@gmail.com', '0739996767', '10/12/1980', 'MRS', 'Akmali Kaur', 'Rao','NJ765432D', null, null);
INSERT INTO CUSTOMER (CUSTOMERID, CNAME,C_TYPE, C_JOINDATE, C_ADD1, C_ADD2, C_ADD3, C_TOWN, 
C_COUNTRY, C_POSTCODE, C_EMAIL, C_CONTACTNO, IC_DOB, IC_TITLE, IC_FORENAMES, IC_SURNAMES, 
IC_NINUMBER, IC_CONTACTNAME, IC_FAX) VALUES (1102, 'John','Individual', '09/08/2018', '1 Swiss Ct', 'London 
W1D 6AP', 'London', 'London', 'United Kingdom', 
'W1D 6AP', 'john@gmail.com', '0795394327', '10/30/1997', 'MR', 'Ross John', 'Geller','NJ787432L', null, null);
INSERT INTO CUSTOMER (CUSTOMERID, CNAME,C_TYPE, C_JOINDATE, C_ADD1, C_ADD2, C_ADD3, C_TOWN, 
C_COUNTRY, C_POSTCODE, C_EMAIL, C_CONTACTNO, IC_DOB, IC_TITLE, IC_FORENAMES, IC_SURNAMES, 

IC_NINUMBER, IC_CONTACTNAME, IC_FAX) VALUES (1103, 'Madhavi Mihirani', 'Individual','09/04/2019', 'No 
51', 'Wawethanna', 'Polonnaruwa', 'Polonnaruwa', 'Sri Lanka', 
'5100', 'mihiraani@gmail.com', '0712345672', '04/03/1993', 'MISS', 'Madhavi Mihirani', 'Perera','946330493V', 
null, null);
INSERT INTO CUSTOMER (CUSTOMERID, CNAME,C_TYPE, C_JOINDATE, C_ADD1, C_ADD2, C_ADD3, C_TOWN, 
C_COUNTRY, C_POSTCODE, C_EMAIL, C_CONTACTNO, IC_DOB, IC_TITLE, IC_FORENAMES, IC_SURNAMES, 
IC_NINUMBER, IC_CONTACTNAME, IC_FAX) VALUES (1104, 'Leeds Engineering Ltd','Company', '01/06/2015', 
'Unit 19', 'Enterprise Park Industrial Estate', 'Moorhouse Ave, Beeston', 'Leeds', 'United Kingdom', 
'LS11 8HA', 'nunitt@leedsbronze.co.uk', '0113453150', null, null, null, null,null, 'Joey Tribiyani', null );
INSERT INTO CUSTOMER (CUSTOMERID, CNAME,C_TYPE, C_JOINDATE, C_ADD1, C_ADD2, C_ADD3, C_TOWN, 
C_COUNTRY, C_POSTCODE, C_EMAIL, C_CONTACTNO, IC_DOB, IC_TITLE, IC_FORENAMES, IC_SURNAMES, 
IC_NINUMBER, IC_CONTACTNAME, IC_FAX) VALUES (1105, 'GleeTech New Zealand','Company', '01/09/2020', '1 
Willis Street', 'CBD', 'Wellington', 'Wellington', 'New Zealand', 
'6011', 'gleentechwellington@gmail.com', '647672564562', null, null, null, null,null, 'Julyy Russel', null );
INSERT INTO CUSTOMER (CUSTOMERID, CNAME,C_TYPE, C_JOINDATE, C_ADD1, C_ADD2, C_ADD3, C_TOWN, 
C_COUNTRY, C_POSTCODE, C_EMAIL, C_CONTACTNO, IC_DOB, IC_TITLE, IC_FORENAMES, IC_SURNAMES, 
IC_NINUMBER, IC_CONTACTNAME, IC_FAX) VALUES (1106, 'Inviqua', 'Company','08/08/2017', 'Avenue HQ', '10-
12 E Parade', 'Leeds', 'Leeds', 'United Kingdom', 
'LS1 2BH', 'inviqua@leedscmny.co.uk', '02038828924', null, null, null, null,null, 'Mark Angur', null );
INSERT INTO CUSTOMER (CUSTOMERID, CNAME,C_TYPE, C_JOINDATE, C_ADD1, C_ADD2, C_ADD3, C_TOWN, 
C_COUNTRY, C_POSTCODE, C_EMAIL, C_CONTACTNO, IC_DOB, IC_TITLE, IC_FORENAMES, IC_SURNAMES, 
IC_NINUMBER, IC_CONTACTNAME, IC_FAX) VALUES (1107, 'Bombay Tablet Manufacturing Co','Company', 
'03/08/2018', 'Princess St', '304, Shamaldas G Marg', 'Shamaldas G Marg, Mumbai, Maharashtra',
'Mumbai', 'India', '400002', 'bombaytabletcompany@gmail.com', '912222012128', null, null, null, null,null, 'Raj 
Patel', null );
INSERT INTO TRANSACTIONX (TRANSACTIONID, T_TS, T_AMOUNT, T_STATUS, CUSTOMERID) VALUES (2222 
,TO_TIMESTAMP('2014-07-02 06:14:00','YYYY-MM-DD HH24:MI:SS'), '12000.90', 'COMPLETED', 1111);
INSERT INTO TRANSACTIONX (TRANSACTIONID, T_TS, T_AMOUNT, T_STATUS, CUSTOMERID) VALUES (2201 
,TO_TIMESTAMP('2016-04-01 03:14:00','YYYY-MM-DD HH24:MI:SS'), '450000.90', 'COMPLETED', 1107);
INSERT INTO TRANSACTIONX (TRANSACTIONID, T_TS, T_AMOUNT, T_STATUS, CUSTOMERID) VALUES (2202 
,TO_TIMESTAMP('2018-08-08 03:14:00','YYYY-MM-DD HH24:MI:SS'), '7800000.90', 'COMPLETED', 1106);

INSERT INTO TRANSACTIONX (TRANSACTIONID, T_TS, T_AMOUNT, T_STATUS, CUSTOMERID) VALUES (2203 
,TO_TIMESTAMP('2016-01-09 03:14:00','YYYY-MM-DD HH24:MI:SS'), '9000000.90', 'COMPLETED', 1104);
INSERT INTO TRANSACTIONX (TRANSACTIONID, T_TS, T_AMOUNT, T_STATUS, CUSTOMERID) VALUES (2204 
,TO_TIMESTAMP('2016-09-08 03:14:00','YYYY-MM-DD HH24:MI:SS'), '350000.90', 'COMPLETED', 1101);
INSERT INTO TRANSACTIONX (TRANSACTIONID, T_TS, T_AMOUNT, T_STATUS, CUSTOMERID) VALUES (2205 
,TO_TIMESTAMP('2019-01-08 03:14:00','YYYY-MM-DD HH24:MI:SS'), '90000.90', 'COMPLETED', 1102);
INSERT INTO TRANSACTIONX (TRANSACTIONID, T_TS, T_AMOUNT, T_STATUS, CUSTOMERID) VALUES (2206 
,TO_TIMESTAMP('2020-04-08 03:14:00','YYYY-MM-DD HH24:MI:SS'), '650000.90', 'COMPLETED', 1103);
INSERT INTO COUNTRYFREQUSED (COUNTRYCODE, COUNTRY_NAME) VALUES (3333,'United Kingdom');
INSERT INTO COUNTRYFREQUSED (COUNTRYCODE, COUNTRY_NAME) VALUES (3301,'India');
INSERT INTO COUNTRYFREQUSED (COUNTRYCODE, COUNTRY_NAME) VALUES (3302,'Sri Lanka');
INSERT INTO COUNTRYFREQUSED (COUNTRYCODE, COUNTRY_NAME) VALUES (3303,'New Zealand');
INSERT INTO COUNTRYINFO (COUNTRYCODE, COUNTRY_CONTINENTNAME) VALUES (3333,'Europe');
INSERT INTO COUNTRYINFO (COUNTRYCODE, COUNTRY_CONTINENTNAME) VALUES (3301,'Asia');
INSERT INTO COUNTRYINFO (COUNTRYCODE, COUNTRY_CONTINENTNAME) VALUES (3302,'Asia');
INSERT INTO COUNTRYINFO (COUNTRYCODE, COUNTRY_CONTINENTNAME) VALUES (3303,'Oceania');
INSERT INTO HIRECENTRE (CENTREID , CENTRE_NAME, CENTRE_ADDRESS, CENTRE_POSTCODE, COUNTRYCODE) 
VALUES (5555, 'Krikstall CARS4U CENTRE', 'Kirkstall, Leeds LS5 3RP', 'LS5 3RP', 3333);
INSERT INTO HIRECENTRE (CENTREID , CENTRE_NAME, CENTRE_ADDRESS, CENTRE_POSTCODE, COUNTRYCODE) 
VALUES (5501, 'Mumbai CARS4U CENTRE', '499,Shamaldas G Marg, Mumbai, Maharashtra', '400002', 3301);
INSERT INTO HIRECENTRE (CENTREID , CENTRE_NAME, CENTRE_ADDRESS, CENTRE_POSTCODE, COUNTRYCODE) 
VALUES (5502, 'HORSEFORTH CARS4U CENTRE', 'Ring Rd W Park, Leeds', 'LS16 6EB', 3333);
INSERT INTO HIRECENTRE (CENTREID , CENTRE_NAME, CENTRE_ADDRESS, CENTRE_POSTCODE, COUNTRYCODE) 
VALUES (5503, 'Sri Lanka CARS4U CENTRE', 'No 3 , Kollupitiya, Colombo', '0001', 3302);
INSERT INTO HIRECENTRE (CENTREID , CENTRE_NAME, CENTRE_ADDRESS, CENTRE_POSTCODE, COUNTRYCODE) 
VALUES (5504, 'New Zealand CARS4U CENTRE', '9 Willis Street,GHJ,Wellington', '0055', 3303);
INSERT INTO HIRECENTRE (CENTREID , CENTRE_NAME, CENTRE_ADDRESS, CENTRE_POSTCODE, COUNTRYCODE) 
VALUES (5505, 'Leeds Headingley CARS4U CENTRE', '12 Headingly ,Leeds', 'LS4', 3333);
INSERT INTO HIREARRANGEMENT (HIREARRANGEMENTID , AGREED_STARTTS, AGREED_RETURNTS, 
ACTUAL_STARTTS, ACTUAL_RETURNTS, HA_STATUS, STARTING_MILAGE, END_MILAGE, 

TOTAL_VEHICLE_DAYS, DELAYED_DAYS, START_CENTREID, END_CENTREID,TRANSACTIONID ) VALUES (4444, 
TO_TIMESTAMP('2015-12-16 07:00:00','YYYY-MM-DD HH24:MI:SS'), TO_TIMESTAMP('2016-04-01 
07:00:00','YYYY-MM-DD HH24:MI:SS'), TO_TIMESTAMP('2015-12-16 07:00:00','YYYY-MM-DD HH24:MI:SS'), 
TO_TIMESTAMP('2016-04-01 07:00:00','YYYY-MM-DD HH24:MI:SS'),
'COMPLETED', '1200.00', '2500.80', 105, 0, 5555,5555, 2222 );
INSERT INTO HIREARRANGEMENT (HIREARRANGEMENTID , AGREED_STARTTS, AGREED_RETURNTS, 
ACTUAL_STARTTS, ACTUAL_RETURNTS, HA_STATUS, STARTING_MILAGE, END_MILAGE, 
TOTAL_VEHICLE_DAYS, DELAYED_DAYS, START_CENTREID, END_CENTREID,TRANSACTIONID ) VALUES (4401, 
TO_TIMESTAMP('2018-03-10 07:00:00','YYYY-MM-DD HH24:MI:SS'), TO_TIMESTAMP('2019-04-01 
07:00:00','YYYY-MM-DD HH24:MI:SS'), TO_TIMESTAMP('2018-03-10 07:00:00','YYYY-MM-DD HH24:MI:SS'), 
TO_TIMESTAMP('2019-04-01 07:00:00','YYYY-MM-DD HH24:MI:SS'),
'COMPLETED', '800.00', '3400.0', 67, 0, 5501,5501, 2201);
INSERT INTO HIREARRANGEMENT (HIREARRANGEMENTID , AGREED_STARTTS, AGREED_RETURNTS, 
ACTUAL_STARTTS, ACTUAL_RETURNTS, HA_STATUS, STARTING_MILAGE, END_MILAGE, 
TOTAL_VEHICLE_DAYS, DELAYED_DAYS, START_CENTREID, END_CENTREID,TRANSACTIONID ) VALUES (4402, 
TO_TIMESTAMP('2017-08-08 09:00:00','YYYY-MM-DD HH24:MI:SS'), TO_TIMESTAMP('2018-08-08 
08:30:00','YYYY-MM-DD HH24:MI:SS'), TO_TIMESTAMP('2017-08-08 09:00:00','YYYY-MM-DD HH24:MI:SS'), 
TO_TIMESTAMP('2018-08-08 09:00:00','YYYY-MM-DD HH24:MI:SS'),
'COMPLETED', '120.00', '8900.0', 67, 0, 5502,5502, 2202);
INSERT INTO HIREARRANGEMENT (HIREARRANGEMENTID , AGREED_STARTTS, AGREED_RETURNTS, 
ACTUAL_STARTTS, ACTUAL_RETURNTS, HA_STATUS, STARTING_MILAGE, END_MILAGE, 
TOTAL_VEHICLE_DAYS, DELAYED_DAYS, START_CENTREID, END_CENTREID,TRANSACTIONID ) VALUES (4403, 
TO_TIMESTAMP('2020-01-09 09:00:00','YYYY-MM-DD HH24:MI:SS'), TO_TIMESTAMP('2020-08-01 
08:30:00','YYYY-MM-DD HH24:MI:SS'), TO_TIMESTAMP('2020-01-09 09:00:00','YYYY-MM-DD HH24:MI:SS'), 
null,
'ACTIVE', '110.00', null, null, null, 5504,null, null);
INSERT INTO HIREARRANGEMENT (HIREARRANGEMENTID , AGREED_STARTTS, AGREED_RETURNTS, 
ACTUAL_STARTTS, ACTUAL_RETURNTS, HA_STATUS, STARTING_MILAGE, END_MILAGE, 
TOTAL_VEHICLE_DAYS, DELAYED_DAYS, START_CENTREID, END_CENTREID,TRANSACTIONID ) VALUES (4404, 
TO_TIMESTAMP('2015-01-09 10:00:00','YYYY-MM-DD HH24:MI:SS'), TO_TIMESTAMP('2016-01-09 
08:30:00','YYYY-MM-DD HH24:MI:SS'), TO_TIMESTAMP('2015-01-09 09:00:00','YYYY-MM-DD HH24:MI:SS'), 
TO_TIMESTAMP('2016-01-09 09:30:00','YYYY-MM-DD HH24:MI:SS'),
'COMPLETED', '2300.00', '4500.12',50 ,0 , 5505,5505, 2203);
INSERT INTO HIREARRANGEMENT (HIREARRANGEMENTID , AGREED_STARTTS, AGREED_RETURNTS, 
ACTUAL_STARTTS, ACTUAL_RETURNTS, HA_STATUS, STARTING_MILAGE, END_MILAGE, 
TOTAL_VEHICLE_DAYS, DELAYED_DAYS, START_CENTREID, END_CENTREID,TRANSACTIONID ) VALUES (4405, 
TO_TIMESTAMP('2016-04-08 10:00:00','YYYY-MM-DD HH24:MI:SS'), TO_TIMESTAMP('2016-09-08 
08:30:00','YYYY-MM-DD HH24:MI:SS'), TO_TIMESTAMP('2016-04-08 09:00:00','YYYY-MM-DD HH24:MI:SS'), 
TO_TIMESTAMP('2016-09-15 09:30:00','YYYY-MM-DD HH24:MI:SS'),
'COMPLETED', '1300.00', '6500.12',39 ,7 , 5555,5505, 2204);
INSERT INTO HIREARRANGEMENT (HIREARRANGEMENTID , AGREED_STARTTS, AGREED_RETURNTS, 
ACTUAL_STARTTS, ACTUAL_RETURNTS, HA_STATUS, STARTING_MILAGE, END_MILAGE, 
TOTAL_VEHICLE_DAYS, DELAYED_DAYS, START_CENTREID, END_CENTREID,TRANSACTIONID ) VALUES (4406, 
TO_TIMESTAMP('2018-08-09 10:00:00','YYYY-MM-DD HH24:MI:SS'), TO_TIMESTAMP('2019-01-08 
08:30:00','YYYY-MM-DD HH24:MI:SS'), TO_TIMESTAMP('2018-08-09 09:00:00','YYYY-MM-DD HH24:MI:SS'), 
TO_TIMESTAMP('2019-01-08 09:30:00','YYYY-MM-DD HH24:MI:SS'),
'COMPLETED', '300.00', '500.12',39 ,0 , 5505,5555, 2205);
INSERT INTO HIREARRANGEMENT (HIREARRANGEMENTID , AGREED_STARTTS, AGREED_RETURNTS, 
ACTUAL_STARTTS, ACTUAL_RETURNTS, HA_STATUS, STARTING_MILAGE, END_MILAGE, 
TOTAL_VEHICLE_DAYS, DELAYED_DAYS, START_CENTREID, END_CENTREID,TRANSACTIONID ) VALUES (4407, 
TO_TIMESTAMP('2019-09-09 10:00:00','YYYY-MM-DD HH24:MI:SS'), TO_TIMESTAMP('2020-04-08 
08:30:00','YYYY-MM-DD HH24:MI:SS'), TO_TIMESTAMP('2019-09-09 09:00:00','YYYY-MM-DD HH24:MI:SS'), 
TO_TIMESTAMP('2020-04-08 09:30:00','YYYY-MM-DD HH24:MI:SS'),
'COMPLETED', '400.00', '1200.18',39 ,0 , 5503,5503, 2205);
INSERT INTO VEHICLECLASSIFICATION (VEHICLECLASSIFICATIONID , VC_NAME, NUMBEROF_PASSENGERS) 
VALUES (6666, 'Hatchback', 4);
INSERT INTO VEHICLECLASSIFICATION (VEHICLECLASSIFICATIONID , VC_NAME, NUMBEROF_PASSENGERS) 
VALUES (6601, 'Sedan', 5);
INSERT INTO VEHICLECLASSIFICATION (VEHICLECLASSIFICATIONID , VC_NAME, NUMBEROF_PASSENGERS) 
VALUES (6602, 'STATION WAGON', 5);
INSERT INTO VEHICLECLASSIFICATION (VEHICLECLASSIFICATIONID , VC_NAME, NUMBEROF_PASSENGERS) 
VALUES (6603, 'Lukxury saloon', 4);
INSERT INTO VEHICLECLASSIFICATION (VEHICLECLASSIFICATIONID , VC_NAME, NUMBEROF_PASSENGERS) 
VALUES (6604, 'Coupe', 2);
INSERT INTO VEHICLECLASSIFICATION (VEHICLECLASSIFICATIONID , VC_NAME, NUMBEROF_PASSENGERS) 
VALUES (6605, 'Convertible', 4);
INSERT INTO VEHICLECLASSIFICATION (VEHICLECLASSIFICATIONID , VC_NAME, NUMBEROF_PASSENGERS) 
VALUES (6606, 'Roadster', 4);
INSERT INTO VEHICLECLASSIFICATION (VEHICLECLASSIFICATIONID , VC_NAME, NUMBEROF_PASSENGERS) 
VALUES (6607, 'Jeep', 4);
INSERT INTO VEHICLECLASSIFICATION (VEHICLECLASSIFICATIONID , VC_NAME, NUMBEROF_PASSENGERS) 
VALUES (6608, 'Volkswagon Golf', 4);
INSERT INTO VEHICLECLASSIFICATION (VEHICLECLASSIFICATIONID , VC_NAME, NUMBEROF_PASSENGERS) 
VALUES (6609, 'Hybrid', 4);
INSERT INTO MODELX (MODELID , MODEL_NAME,VEHICLECLASSIFICATIONID) VALUES (7777, 'Ford Fiesta', 
6666);
INSERT INTO MODELX(MODELID , MODEL_NAME,VEHICLECLASSIFICATIONID) VALUES (7701, 'Fiat Panda', 6666);
INSERT INTO MODELX(MODELID , MODEL_NAME,VEHICLECLASSIFICATIONID) VALUES (7702, 'Hyundai Sonata', 
6601);
INSERT INTO MODELX(MODELID , MODEL_NAME,VEHICLECLASSIFICATIONID) VALUES (7703, 'Nissan Sentra', 
6601);
INSERT INTO MODELX(MODELID , MODEL_NAME,VEHICLECLASSIFICATIONID) VALUES (7704, 'Toyota Coralla', 
6601);
INSERT INTO MODELX(MODELID , MODEL_NAME,VEHICLECLASSIFICATIONID) VALUES (7705, 'Subaru Outback', 
6602);
INSERT INTO MODELX(MODELID , MODEL_NAME,VEHICLECLASSIFICATIONID) VALUES (7706, 'Audi A4 Allroad', 
6602);
INSERT INTO MODELX(MODELID , MODEL_NAME,VEHICLECLASSIFICATIONID) VALUES (7707, 'Porsche 911 
Targa', 6605);
INSERT INTO MODELX(MODELID , MODEL_NAME,VEHICLECLASSIFICATIONID) VALUES (7708, 'Maxda MF5 Miata 
RF', 6605);
INSERT INTO MODELX(MODELID , MODEL_NAME,VEHICLECLASSIFICATIONID) VALUES (7709, 'Ford Mustang', 
6604);
INSERT INTO MODELX(MODELID , MODEL_NAME,VEHICLECLASSIFICATIONID) VALUES (7710, 'Audi 5', 6604);
INSERT INTO MODELX(MODELID , MODEL_NAME,VEHICLECLASSIFICATIONID) VALUES (7711, 'Porsche Boxer', 
6604);
INSERT INTO MODELX(MODELID , MODEL_NAME,VEHICLECLASSIFICATIONID) VALUES (7712, 'Mercedes Benz', 
6605);
INSERT INTO MODELX(MODELID , MODEL_NAME,VEHICLECLASSIFICATIONID) VALUES (7713, 'Audi A8', 6605);
INSERT INTO MODELX(MODELID , MODEL_NAME,VEHICLECLASSIFICATIONID) VALUES (7714, 'Audi', 6603);
INSERT INTO 
VEHICLE(VEHICLEID,V_COLOR,V_REGISTRATIONNO,V_MAKE,VEHICLECLASSIFICATIONID,MODELID) VALUES 
(0999, 'Red', 'BD51 SMR', 'UK',6666,7777);

INSERT INTO 
VEHICLE(VEHICLEID,V_COLOR,V_REGISTRATIONNO,V_MAKE,VEHICLECLASSIFICATIONID,MODELID) VALUES 
(0901, 'White', 'CDR1 NNM', 'Japan',6601,7704);
INSERT INTO 
VEHICLE(VEHICLEID,V_COLOR,V_REGISTRATIONNO,V_MAKE,VEHICLECLASSIFICATIONID,MODELID) VALUES 
(0902, 'Black', 'GHY 23U', 'German',6602,7705);
INSERT INTO 
VEHICLE(VEHICLEID,V_COLOR,V_REGISTRATIONNO,V_MAKE,VEHICLECLASSIFICATIONID,MODELID) VALUES 
(0903, 'White', 'PLL 7UJ', 'German',6602,7706);
INSERT INTO 
VEHICLE(VEHICLEID,V_COLOR,V_REGISTRATIONNO,V_MAKE,VEHICLECLASSIFICATIONID,MODELID) VALUES 
(0904, 'Green', 'KLJ 67H', 'German',6602,7706);
INSERT INTO 
VEHICLE(VEHICLEID,V_COLOR,V_REGISTRATIONNO,V_MAKE,VEHICLECLASSIFICATIONID,MODELID) VALUES 
(0905, 'Black', 'JKO 68H', 'German',6604,7709);
INSERT INTO 
VEHICLE(VEHICLEID,V_COLOR,V_REGISTRATIONNO,V_MAKE,VEHICLECLASSIFICATIONID,MODELID) VALUES 
(0906, 'Black', 'KML 9UK', 'German',6604,7710);
INSERT INTO 
VEHICLE(VEHICLEID,V_COLOR,V_REGISTRATIONNO,V_MAKE,VEHICLECLASSIFICATIONID,MODELID) VALUES 
(0907, 'Black', 'RTT YUJ', 'German',6604,7711);
INSERT INTO 
VEHICLE(VEHICLEID,V_COLOR,V_REGISTRATIONNO,V_MAKE,VEHICLECLASSIFICATIONID,MODELID) VALUES 
(0908, 'Black', 'YHU JKK', 'German',6604,7711);
INSERT INTO 
VEHICLE(VEHICLEID,V_COLOR,V_REGISTRATIONNO,V_MAKE,VEHICLECLASSIFICATIONID,MODELID) VALUES 
(0909, 'Black', 'WER 8UI', 'German',6604,7711);
INSERT INTO 
VEHICLE(VEHICLEID,V_COLOR,V_REGISTRATIONNO,V_MAKE,VEHICLECLASSIFICATIONID,MODELID) VALUES 
(0910, 'Black', 'GHF KLO', 'German',6604,7711);
INSERT INTO 
VEHICLE(VEHICLEID,V_COLOR,V_REGISTRATIONNO,V_MAKE,VEHICLECLASSIFICATIONID,MODELID) VALUES 
(0911, 'Red', 'OOP KLO', 'Japan',6603,7714);
INSERT INTO REGIONALOFFICE(REGIONALOFFICEID,O_NAME,O_ADDRESS,O_PHONE, O_EMAIL,CUSTOMERID) 
VALUES (0011, 'Kirkstall cars4u office', 
'Broad Ln, Kirkstall, Leeds LS5 3EE', '0756356652', 'kirkstallreginiol@gmail.com', 1107);
INSERT INTO REGIONALOFFICE(REGIONALOFFICEID,O_NAME,O_ADDRESS,O_PHONE, O_EMAIL,CUSTOMERID) 
VALUES (0012, 'Horseforth cars4u office', 
'Ring Rd W Park, Leeds', '0787856652', 'horseforthcar4ureginiol@gmail.com', 1106);
INSERT INTO REGIONALOFFICE(REGIONALOFFICEID,O_NAME,O_ADDRESS,O_PHONE, O_EMAIL,CUSTOMERID) 
VALUES (0013, 'New Zealand cars4u office', 'No21 Wellington New Zealand', '0678785665', 'newzealandcars4uoffice@gmail.com', 1105);
INSERT INTO REGIONALOFFICE(REGIONALOFFICEID,O_NAME,O_ADDRESS,O_PHONE, O_EMAIL,CUSTOMERID) 
VALUES (0014, 'LEEDS Headingley cars4u office', 
'78 Headingley Leeds', '08976785665', 'headinglyyyyofficecars4uoffice@gmail.com', 1104);
INSERT INTO INDIVIDUALHIREARRANGEMENT (HIREARRANGEMENTID, CUSTOMERID,VEHICLEID ) VALUES 
(4444, 1111, 0999);
INSERT INTO INDIVIDUALHIREARRANGEMENT (HIREARRANGEMENTID, CUSTOMERID,VEHICLEID ) VALUES 
(4405, 1101, 0911);
INSERT INTO INDIVIDUALHIREARRANGEMENT (HIREARRANGEMENTID, CUSTOMERID,VEHICLEID ) VALUES 
(4406, 1102, 0901);
INSERT INTO INDIVIDUALHIREARRANGEMENT (HIREARRANGEMENTID, CUSTOMERID,VEHICLEID ) VALUES 
(4407, 1103, 0999);
INSERT INTO COMPANYHIREROLE (COMPANYHIREROLEID, ROLE_TYPE, CUSTOMERID, HIREARRANGEMENTID) 
VALUES (2401, 'Hiring Company', 1107,4401);
INSERT INTO COMPANYHIREROLE (COMPANYHIREROLEID, ROLE_TYPE, CUSTOMERID, HIREARRANGEMENTID) 
VALUES (2402, 'Hiring Company', 1106,4402);
INSERT INTO COMPANYHIREROLE (COMPANYHIREROLEID, ROLE_TYPE, CUSTOMERID, HIREARRANGEMENTID) 
VALUES (2403, 'Hiring Company', 1105,4403);
INSERT INTO COMPANYHIREROLE (COMPANYHIREROLEID, ROLE_TYPE, CUSTOMERID, HIREARRANGEMENTID) 
VALUES (2404, 'Invoicing Company', 1104,4404);
INSERT INTO COMPANYHIREARRANGEMENT (HIREARRANGEMENTID, REGIONALOFFICEID) VALUES (4401, 
0011);
INSERT INTO COMPANYHIREARRANGEMENT (HIREARRANGEMENTID, REGIONALOFFICEID) VALUES (4402, 
0012);
INSERT INTO COMPANYHIREARRANGEMENT (HIREARRANGEMENTID, REGIONALOFFICEID) VALUES (4403, 
0013);
INSERT INTO COMPANYHIREARRANGEMENT (HIREARRANGEMENTID, REGIONALOFFICEID) VALUES (4404, 
0014);
INSERT INTO CREDITCARD (CREDITCARDID, CREDITCARD_NUMBER) VALUES (6190, 556745657788);
INSERT INTO CREDITCARD (CREDITCARDID, CREDITCARD_NUMBER) VALUES (6191, 998873635324);
INSERT INTO CREDITCARD_TRANSACTION (TRANSACTIONID, CREDITCARDID) VALUES (2201, 6190);
INSERT INTO CREDITCARD_TRANSACTION (TRANSACTIONID, CREDITCARDID) VALUES (2204, 6191);
INSERT INTO INSURANCE (INSURANCEID, INSURANCE_PERIOD, 
MAXIMUMCLAIMAMOUNT,INSURANCE_DESCRIPTION,HIREARRANGEMENTID)VALUES (1000, 'Six 
Months','120000.00',
'This is ralated to vehicle damage scenarios', 4444);
INSERT INTO INSURANCE (INSURANCEID, INSURANCE_PERIOD, 
MAXIMUMCLAIMAMOUNT,INSURANCE_DESCRIPTION,HIREARRANGEMENTID)VALUES (1001, 'Six
Months','220000.00',
'This is ralated to injury to the passenger', 4405);
INSERT INTO DISCOUNT (DISCOUNTID, DISCOUNT_TYPE, 
DISCOUNT_PERCENTAGE,DISCOUNT_TS,CUSTOMERID) VALUES (1801, 'Loyalty', '0.05', TO_TIMESTAMP('2016-
04-01 07:00:00','YYYY-MM-DD HH24:MI:SS'),1111);
INSERT INTO DISCOUNT (DISCOUNTID, DISCOUNT_TYPE, 
DISCOUNT_PERCENTAGE,DISCOUNT_TS,CUSTOMERID) VALUES (1802, 'Fleet', '0.75', TO_TIMESTAMP('2018-08-
08 09:00:00','YYYY-MM-DD HH24:MI:SS'),1106);
INSERT INTO DISCOUNT (DISCOUNTID, DISCOUNT_TYPE, DISCOUNT_PERCENTAGE,DISCOUNT_TS,CUSTOMERID) 
VALUES (1803, 'Fleet', '0.65', TO_TIMESTAMP('2016-01-09 09:00:00','YYYY-MM-DD HH24:MI:SS'),1104);
INSERT INTO DRIVER_FREQUSED (DRIVERID, D_NAME,D_PHONE,D_AVAILABILITY) VALUES (3511,'Kushan 
Sanjaya','0734564567', 'available');
INSERT INTO DRIVER_INFO (DRIVERID, D_DOB, D_ADDRESS, D_GENDER,D_NINUMBER) VALUES 
(3511,'07/05/1970', 'Apartment 35 , Kirkstall, leeds', 'Male','NJ768567Y');
INSERT INTO DRIVER_FREQUSED (DRIVERID, D_NAME,D_PHONE,D_AVAILABILITY) VALUES (3512,'Jeewan 
Kumar','0737896781', 'available');
INSERT INTO DRIVER_INFO (DRIVERID, D_DOB, D_ADDRESS, D_GENDER,D_NINUMBER) VALUES 
(3512,'01/02/1980', 'Apartment 25 , Horseforth, leeds', 'Male','NJ890567D');
INSERT INTO DRIVER_FREQUSED (DRIVERID, D_NAME,D_PHONE,D_AVAILABILITY) VALUES (3513,'Jack 
Roy','0745672378', 'available');
INSERT INTO DRIVER_INFO (DRIVERID, D_DOB, D_ADDRESS, D_GENDER,D_NINUMBER) VALUES 
(3513,'09/05/1993', '1 stan lee road, Headingley, leeds', 'Male','N563567K');
INSERT INTO DRIVER_FREQUSED (DRIVERID, D_NAME,D_PHONE,D_AVAILABILITY) VALUES (3514,'Kevin 
Sha','0775226543', 'available');
INSERT INTO DRIVER_INFO (DRIVERID, D_DOB, D_ADDRESS, D_GENDER,D_NINUMBER) VALUES 
(3514,'04/02/1996', 'No 62, Burley Road, leeds', 'Male','NJ909087Y');
INSERT INTO DRIVER_FREQUSED (DRIVERID, D_NAME,D_PHONE,D_AVAILABILITY) VALUES (3515,'Jack 
Johanas','0817653452', 'assigned');
INSERT INTO DRIVER_INFO (DRIVERID, D_DOB, D_ADDRESS, D_GENDER,D_NINUMBER) VALUES 
(3515,'04/07/1994', 'No 68, Wellignton, New Zealand', 'Male','NJ789087O');
INSERT INTO DRIVER_FREQUSED (DRIVERID, D_NAME,D_PHONE,D_AVAILABILITY) VALUES (3516,'Shawn 
Mendis','0705226543', 'assigned');
INSERT INTO DRIVER_INFO (DRIVERID, D_DOB, D_ADDRESS, D_GENDER,D_NINUMBER) VALUES 
(3516,'09/02/1992', 'No 70, Wellignton, New Zealand', 'Male','NJ055087P');
INSERT INTO DRIVER_FREQUSED (DRIVERID, D_NAME,D_PHONE,D_AVAILABILITY) VALUES (3517,'Rony 
Ken','07052326543', 'assigned');
INSERT INTO DRIVER_INFO (DRIVERID, D_DOB, D_ADDRESS, D_GENDER,D_NINUMBER) VALUES 
(3517,'04/02/1993', 'No 15, Wellignton, New Zealand', 'Male','NJ907777YAA');
INSERT INTO DRIVER_FREQUSED (DRIVERID, D_NAME,D_PHONE,D_AVAILABILITY) VALUES (3518,'Jacob 
Len','03452326543', 'available');
INSERT INTO DRIVER_INFO (DRIVERID, D_DOB, D_ADDRESS, D_GENDER,D_NINUMBER) VALUES 
(3518,'04/02/1988', 'No 19, Headingley , leeds', 'Male','NH674536P');
INSERT INTO DRIVER_FREQUSED (DRIVERID, D_NAME,D_PHONE,D_AVAILABILITY) VALUES (3519,'Mark 
Hen','08852326543', 'available');
INSERT INTO DRIVER_INFO (DRIVERID, D_DOB, D_ADDRESS, D_GENDER,D_NINUMBER) VALUES 
(3519,'04/09/1993', 'No 17, Headingley , leeds', 'Male','NM5664132V');
INSERT INTO DRIVER_FREQUSED (DRIVERID, D_NAME,D_PHONE,D_AVAILABILITY) VALUES (3520,'Jack 
Mikau','09052326543', 'available');
INSERT INTO DRIVER_INFO (DRIVERID, D_DOB, D_ADDRESS, D_GENDER,D_NINUMBER) VALUES 
(3520,'08/02/1988', 'No 18, Headingley , leeds', 'Male','NF546468T');
INSERT INTO CHECKININSPECTOR_FREQUSED (CHECKININSPECTORID, 
CHECKININSPECTOR_NAME,CHECKININSPECTOR_PHONE,CINS_CENTREID) VALUES (8860,'Liyum 
Ben','0737654369', 5555);
INSERT INTO CHECKININSPECTOR_INFO (CHECKININSPECTORID, CHECKININSPECTOR_DOB, 
CHECKININSPECTOR_ADDRESS, CHECKININSPECTOR_NINUMBER) VALUES (8860,'08/02/1984', '1 Abbey Road , 
Bramley, leeds', 'NJ644276H');

INSERT INTO CHECKININSPECTOR_FREQUSED (CHECKININSPECTORID, 
CHECKININSPECTOR_NAME,CHECKININSPECTOR_PHONE,CINS_CENTREID) VALUES (8861,'Salman 
Khan','077653452', 5501);
INSERT INTO CHECKININSPECTOR_INFO (CHECKININSPECTORID, CHECKININSPECTOR_DOB, 
CHECKININSPECTOR_ADDRESS, CHECKININSPECTOR_NINUMBER) VALUES (8861,'09/01/1977', 'No 56, Mumbai', 
'NJ76899H');
INSERT INTO CHECKININSPECTOR_FREQUSED (CHECKININSPECTORID, 
CHECKININSPECTOR_NAME,CHECKININSPECTOR_PHONE,CINS_CENTREID) VALUES (8862,'Mike 
Carter','0765454142', 5502);
INSERT INTO CHECKININSPECTOR_INFO (CHECKININSPECTORID, CHECKININSPECTOR_DOB, 
CHECKININSPECTOR_ADDRESS, CHECKININSPECTOR_NINUMBER) VALUES (8862,'07/01/1980', ' 2 Stanford 
road,Horseforth, leeds', 'NJ649996H');
INSERT INTO CHECKININSPECTOR_FREQUSED (CHECKININSPECTORID, 
CHECKININSPECTOR_NAME,CHECKININSPECTOR_PHONE,CINS_CENTREID) VALUES (8863,'John 
Geller','0737777969', 5502);
INSERT INTO CHECKININSPECTOR_INFO (CHECKININSPECTORID, CHECKININSPECTOR_DOB, 
CHECKININSPECTOR_ADDRESS, CHECKININSPECTOR_NINUMBER) VALUES (8863,'09/04/1981', '32 HoranBlower 
Close, Horseforth', 'NJ888567H');
INSERT INTO CHECKININSPECTOR_FREQUSED (CHECKININSPECTORID, 
CHECKININSPECTOR_NAME,CHECKININSPECTOR_PHONE,CINS_CENTREID) VALUES (8864,'Jean 
Net','0746776543', 5502);
INSERT INTO CHECKININSPECTOR_INFO (CHECKININSPECTORID, CHECKININSPECTOR_DOB, 
CHECKININSPECTOR_ADDRESS, CHECKININSPECTOR_NINUMBER) VALUES (8864,'08/07/1988', 'Abbey Road, 
Horseforth', 'NJ649076P');
INSERT INTO CHECKININSPECTOR_FREQUSED (CHECKININSPECTORID, 
CHECKININSPECTOR_NAME,CHECKININSPECTOR_PHONE,CINS_CENTREID) VALUES (8865,'Saliya 
ruwan','07134343244', 5503);
INSERT INTO CHECKININSPECTOR_INFO (CHECKININSPECTORID, CHECKININSPECTOR_DOB, 
CHECKININSPECTOR_ADDRESS, CHECKININSPECTOR_NINUMBER) VALUES (8865,'08/03/1988', 'No 51, 
Wawethanna, Sri Lanka', '946330493V');
INSERT INTO CHECKININSPECTOR_FREQUSED (CHECKININSPECTORID, 
CHECKININSPECTOR_NAME,CHECKININSPECTOR_PHONE,CINS_CENTREID) VALUES (8866,'Mike 
Nehal','0778986543', 5504);
INSERT INTO CHECKININSPECTOR_INFO (CHECKININSPECTORID, CHECKININSPECTOR_DOB, 
CHECKININSPECTOR_ADDRESS, CHECKININSPECTOR_NINUMBER) VALUES (8866,'12/02/1994', '34 Kings Street, 
Wellington', 'NJ123564N');

INSERT INTO CHECKININSPECTOR_FREQUSED (CHECKININSPECTORID, 
CHECKININSPECTOR_NAME,CHECKININSPECTOR_PHONE,CINS_CENTREID) VALUES (8867,' Hari 
Haram','0645268971', 5501);
INSERT INTO CHECKININSPECTOR_INFO (CHECKININSPECTORID, CHECKININSPECTOR_DOB, 
CHECKININSPECTOR_ADDRESS, CHECKININSPECTOR_NINUMBER) VALUES (8867,'03/06/1988', '32 Kovil Road, 
Mumbai', 'NJ994276U');
INSERT INTO CHECKININSPECTOR_FREQUSED (CHECKININSPECTORID, 
CHECKININSPECTOR_NAME,CHECKININSPECTOR_PHONE,CINS_CENTREID) VALUES (8868,'Bean 
Malfoy','0737665669', 5555);
INSERT INTO CHECKININSPECTOR_INFO (CHECKININSPECTORID, CHECKININSPECTOR_DOB, 
CHECKININSPECTOR_ADDRESS, CHECKININSPECTOR_NINUMBER) VALUES (8868,'08/09/1964', '1 Abbey Road , 
Bramley, leeds', 'NJ999888I');
INSERT INTO FLEET (FLEETID,NOOF_VEHICLES,F_STATUS) VALUES(0444, 3, 'FINISHED');
INSERT INTO FLEET (FLEETID,NOOF_VEHICLES,F_STATUS) VALUES(0401, 3, 'ACTIVE');
INSERT INTO FLEET (FLEETID,NOOF_VEHICLES,F_STATUS) VALUES(0402, 3, 'FINISHED');
INSERT INTO VEHICLE_COMPANYHIREARRANGEMENT(HIREARRANGEMENTID,VEHICLEID) VALUES (4401,0901);
INSERT INTO FLEET_COMPANYHIREARRANGEMENT(HIREARRANGEMENTID,FLEETID) VALUES(4402,0444);
INSERT INTO FLEET_COMPANYHIREARRANGEMENT(HIREARRANGEMENTID,FLEETID) VALUES(4403,0401);
INSERT INTO FLEET_COMPANYHIREARRANGEMENT(HIREARRANGEMENTID,FLEETID) VALUES(4404,0402);
INSERT INTO VEHICLEFLEET_OCCUPANCY(VEHICLEID,FLEETID) VALUES (0902,0444);
INSERT INTO VEHICLEFLEET_OCCUPANCY(VEHICLEID,FLEETID) VALUES (0903,0444);
INSERT INTO VEHICLEFLEET_OCCUPANCY(VEHICLEID,FLEETID) VALUES (0904,0444);
INSERT INTO VEHICLEFLEET_OCCUPANCY(VEHICLEID,FLEETID) VALUES (0905,0401);
INSERT INTO VEHICLEFLEET_OCCUPANCY(VEHICLEID,FLEETID) VALUES (0906,0401);
INSERT INTO VEHICLEFLEET_OCCUPANCY(VEHICLEID,FLEETID) VALUES (0907,0401);
INSERT INTO VEHICLEFLEET_OCCUPANCY(VEHICLEID,FLEETID) VALUES (0908,0402);
INSERT INTO VEHICLEFLEET_OCCUPANCY(VEHICLEID,FLEETID) VALUES (0909,0402);
INSERT INTO VEHICLEFLEET_OCCUPANCY(VEHICLEID,FLEETID) VALUES (0910,0402);
 INSERT INTO DRIVER_FLEET(DRIVERID,FLEETID) VALUES (3512,0444);

 INSERT INTO DRIVER_FLEET(DRIVERID,FLEETID) VALUES (3513,0444);
 INSERT INTO DRIVER_FLEET(DRIVERID,FLEETID) VALUES (3514,0444);
 INSERT INTO DRIVER_FLEET(DRIVERID,FLEETID) VALUES (3515,0401);
 INSERT INTO DRIVER_FLEET(DRIVERID,FLEETID) VALUES (3516,0401);
 INSERT INTO DRIVER_FLEET(DRIVERID,FLEETID) VALUES (3517,0401);
 INSERT INTO DRIVER_FLEET(DRIVERID,FLEETID) VALUES (3518,0402);
 INSERT INTO DRIVER_FLEET(DRIVERID,FLEETID) VALUES (3519,0402);
 INSERT INTO DRIVER_FLEET(DRIVERID,FLEETID) VALUES (3520,0402);
 INSERT INTO VEHICLE_DRIVER(VEHICLEID,DRIVERID) VALUES (0902,3512);
 INSERT INTO VEHICLE_DRIVER(VEHICLEID,DRIVERID) VALUES (0903,3513);
 INSERT INTO VEHICLE_DRIVER(VEHICLEID,DRIVERID) VALUES (0904,3514);
 INSERT INTO VEHICLE_DRIVER(VEHICLEID,DRIVERID) VALUES (0905,3515);
 INSERT INTO VEHICLE_DRIVER(VEHICLEID,DRIVERID) VALUES (0906,3516);
 INSERT INTO VEHICLE_DRIVER(VEHICLEID,DRIVERID) VALUES (0907,3517);
 INSERT INTO VEHICLE_DRIVER(VEHICLEID,DRIVERID) VALUES (0908,3518);
 INSERT INTO VEHICLE_DRIVER(VEHICLEID,DRIVERID) VALUES (0909,3519);
 INSERT INTO VEHICLE_DRIVER(VEHICLEID,DRIVERID) VALUES (0910,3520);
 INSERT INTO VEHICLE_CHECKININSPECTOR(CHECKININSPECTORID,VEHICLEID) VALUES (8862, 0999);
 INSERT INTO VEHICLE_CHECKININSPECTOR(CHECKININSPECTORID,VEHICLEID) VALUES (8863, 0902);
 INSERT INTO VEHICLE_CHECKININSPECTOR(CHECKININSPECTORID,VEHICLEID) VALUES (8864, 0903);
 INSERT INTO VEHICLE_CHECKININSPECTOR(CHECKININSPECTORID,VEHICLEID) VALUES (8862, 0904);
 INSERT INTO VEHICLE_CHECKININSPECTOR(CHECKININSPECTORID,VEHICLEID) VALUES (8867, 0901);
 INSERT INTO VEHICLE_CHECKININSPECTOR(CHECKININSPECTORID,VEHICLEID) VALUES (8868, 0908);
 INSERT INTO VEHICLE_CHECKININSPECTOR(CHECKININSPECTORID,VEHICLEID) VALUES (8868, 0909);
 INSERT INTO VEHICLE_CHECKININSPECTOR(CHECKININSPECTORID,VEHICLEID) VALUES (8868, 0910);
 INSERT INTO VEHICLE_CHECKININSPECTOR(CHECKININSPECTORID,VEHICLEID) VALUES (8863, 0911);
 INSERT INTO VEHICLE_CHECKININSPECTOR(CHECKININSPECTORID,VEHICLEID) VALUES (8868, 0901);
 INSERT INTO VEHICLE_CHECKININSPECTOR(CHECKININSPECTORID,VEHICLEID) VALUES (8865, 0999);

 INSERT INTO 
COUNTRY_VEHICLECLASSIFICATION(COUNTRYCODE,VEHICLECLASSIFICATIONID,HIRECHARGE_RATE) VALUES 
(3333,6666, 120.00);
 INSERT INTO 
COUNTRY_VEHICLECLASSIFICATION(COUNTRYCODE,VEHICLECLASSIFICATIONID,HIRECHARGE_RATE) VALUES 
(3333,6601, 145.00);
 INSERT INTO 
COUNTRY_VEHICLECLASSIFICATION(COUNTRYCODE,VEHICLECLASSIFICATIONID,HIRECHARGE_RATE) VALUES 
(3333,6602, 178.00);
 INSERT INTO 
COUNTRY_VEHICLECLASSIFICATION(COUNTRYCODE,VEHICLECLASSIFICATIONID,HIRECHARGE_RATE) VALUES 
(3333,6603, 177.00);
 INSERT INTO 
COUNTRY_VEHICLECLASSIFICATION(COUNTRYCODE,VEHICLECLASSIFICATIONID,HIRECHARGE_RATE) VALUES 
(3301,6666, 167.00);
 INSERT INTO 
COUNTRY_VEHICLECLASSIFICATION(COUNTRYCODE,VEHICLECLASSIFICATIONID,HIRECHARGE_RATE) VALUES 
(3301,6601, 267.00);
 INSERT INTO 
COUNTRY_VEHICLECLASSIFICATION(COUNTRYCODE,VEHICLECLASSIFICATIONID,HIRECHARGE_RATE) VALUES 
(3301,6602, 678.00);
 INSERT INTO 
COUNTRY_VEHICLECLASSIFICATION(COUNTRYCODE,VEHICLECLASSIFICATIONID,HIRECHARGE_RATE) VALUES 
(3301,6603, 679.00);
 INSERT INTO 
COUNTRY_VEHICLECLASSIFICATION(COUNTRYCODE,VEHICLECLASSIFICATIONID,HIRECHARGE_RATE) VALUES 
(3302,6666, 789.00);
 INSERT INTO 
COUNTRY_VEHICLECLASSIFICATION(COUNTRYCODE,VEHICLECLASSIFICATIONID,HIRECHARGE_RATE) VALUES 
(3302,6601, 890.00);
 INSERT INTO 
COUNTRY_VEHICLECLASSIFICATION(COUNTRYCODE,VEHICLECLASSIFICATIONID,HIRECHARGE_RATE) VALUES 
(3302,6602, 456.90);
 INSERT INTO 
COUNTRY_VEHICLECLASSIFICATION(COUNTRYCODE,VEHICLECLASSIFICATIONID,HIRECHARGE_RATE) VALUES 
(3302,6603, 476.90);
 INSERT INTO 
COUNTRY_VEHICLECLASSIFICATION(COUNTRYCODE,VEHICLECLASSIFICATIONID,HIRECHARGE_RATE) VALUES 
(3303,6666, 678.90);
 INSERT INTO 
COUNTRY_VEHICLECLASSIFICATION(COUNTRYCODE,VEHICLECLASSIFICATIONID,HIRECHARGE_RATE) VALUES 
(3303,6601, 879.78);
INSERT INTO 
COUNTRY_VEHICLECLASSIFICATION(COUNTRYCODE,VEHICLECLASSIFICATIONID,HIRECHARGE_RATE) VALUES 
(3303,6602, 567.50);
 INSERT INTO 
COUNTRY_VEHICLECLASSIFICATION(COUNTRYCODE,VEHICLECLASSIFICATIONID,HIRECHARGE_RATE) VALUES 
(3303,6603, 767.50);
